{"fc_shield": [[18.5, 8.3], [15.123621819226752, 7.154441311087423], [13.527395279273758, 6.544119398752452], [11.884220899910364, 5.886849647007098], [9.912411644674297, 5.182632055851359], [8.550924301773211, 4.666205822337149], [8.175341586490145, 4.525362304106002], [7.47112399533442, 3.8211447129502627], [6.813854243589059, 3.163874961204913], [6.10963665243332, 2.4596573700491735], [5.499314740098345, 1.8962832971245813], [5.4523669006879665, 1.1920657059688455], [5.4523669006879665, 0.6286916330442605], [5.4523669006879665, 0.15921323894043304], [5.4523669006879665, -0.26331731575300843], [5.4523669006879665, -0.9205870674983654], [5.4523669006879665, -1.4370133010125734], [5.4523669006879665, -1.8125960162956343], [5.874897455381404, -2.2351265709890757], [6.10963665243332, -2.4698657680409895], [6.344375849485235, -2.7046049650929014], [6.7199585647682945, -3.03323984096558], [7.048593440640975, -3.361874716838255], [7.377228316513648, -3.6905095927109333], [7.752811031796707, -4.01914446858361], [8.034498068258994, -4.347779344456288], [8.316185104721288, -4.5825185415082], [8.973454856466649, -4.817257738560112], [9.583776768801624, -5.051996935612026], [10.100203002315826, -5.286736132663938], [10.663577075240422, -5.4745274903054675], [11.133055469344246, -5.662318847946999], [11.696429542268834, -5.850110205588528], [12.353699294014195, -6.084849402640442], [13.151812563990699, -6.413484278513119], [13.762134476325667, -6.648223475565031], [14.325508549250255, -6.83601483320656], [15.123621819226752, -7.117701869668856], [18.5, -8.3]], "fc": [[17.0, 5.89], [14.278560709839876, 5.886849647007098], [13.339603921632229, 5.886849647007098], [12.353699294014195, 5.886849647007098], [11.461690345216926, 5.886849647007098], [10.616629235830043, 5.933797486417481], [9.395985411160094, 5.886849647007098], [9.1142983746978, 5.933797486417481], [8.78566349882512, 6.262432362290157], [7.658915352975949, 7.389180508139335], [7.377228316513648, 7.670867544601629], [6.344375849485235, 8.703720011630049], [6.062688813022934, 8.985407048092343], [5.734053937150261, 9.31404192396502], [5.217627703636058, 9.50183328160655], [4.466462273069933, 9.736572478658461], [3.7152968425038146, 9.97131167571037], [2.729392214885774, 10.29994655158305], [1.7904354266781333, 10.628581427455726], [0.9453743172912432, 10.91026846391802], [0.47589592318741936, 10.816372785097256], [-0.22832166796831643, 10.722477106276491], [-1.1203306167655853, 10.581633588045348], [-2.1531830837940014, 10.440790069814197], [-3.3268790690535646, 10.252998712172664], [-4.21888801785083, 10.11215519394152], [-4.406679375492359, 9.97131167571037], [-4.688366411954654, 9.78352031806884], [-5.345636163700011, 9.31404192396502], [-6.613227827780339, 8.42203297516775], [-7.833871652450284, 7.530024026370482], [-8.35029788596449, 7.201389150497805], [-8.585037083016402, 6.684962916983599], [-8.866724119478697, 6.168536683469393], [-9.33620251358252, 5.229579895261741], [-9.758733068275966, 4.431466625285237], [-10.04042010473826, 3.9619882311814134], [-10.322107141200554, 3.351666318846446], [-10.509898498842087, 3.023031442973762], [-10.509898498842087, 2.694396567101089], [-10.509898498842087, 2.3657616912284087], [-10.509898498842087, 1.8962832971245813], [-10.509898498842087, 1.4268049030207575], [-10.509898498842087, 1.0512221877376948], [-10.509898498842087, 0.4878481148131133], [-10.509898498842087, -0.21636947634262604], [-10.509898498842087, -0.7797435492672182], [-10.509898498842087, -1.249221943371042], [-10.509898498842087, -1.9534395345267814], [-10.509898498842087, -2.516813607451372], [-10.509898498842087, -2.8923963227344327], [-10.509898498842087, -3.0801876803759605], [-10.322107141200554, -3.408822556248637], [-9.899576586507113, -4.206935826225141], [-9.33620251358252, -5.286736132663938], [-8.960619798299462, -6.03790156323006], [-8.678932761837167, -6.554327796744266], [-8.444193564785255, -6.976858351437709], [-8.115558688912579, -7.2585453879000035], [-7.552184615987986, -7.681075942593443], [-6.847967024832251, -8.197502176107651], [-6.331540791318041, -8.573084891390714], [-5.674271039572687, -9.08951112490492], [-5.017001287827338, -9.558989519008744], [-4.265835857261216, -10.122363591933336], [-3.6555139449262377, -10.216259270754101], [-2.951296353770502, -10.357102788985248], [-2.1531830837940014, -10.450998467806013], [-1.3550698138174972, -10.544894146626778], [-0.5100087044306107, -10.685737664857925], [0.24115672613551098, -10.77963334367869], [0.7106351202393313, -10.873529022499454], [1.508748390215839, -10.638789825447542], [2.306861660192329, -10.357102788985248], [3.574453324272664, -9.981520073702189], [4.842044988352992, -9.605937358419126], [5.827949615971026, -9.27730248254645], [6.344375849485235, -8.760876249032243], [6.907749922409824, -8.197502176107651], [7.565019674155177, -7.493284584951917], [8.175341586490145, -6.882962672616943], [9.1142983746978, -5.990953723819677], [9.771568126443153, -5.990953723819677], [10.475785717598892, -5.990953723819677], [10.992211951113102, -5.990953723819677], [11.649481702858456, -5.990953723819677], [12.353699294014195, -5.990953723819677], [13.339603921632229, -5.990953723819677], [14.278560709839876, -5.990953723819677], [17.0, -5.89]], "fc_center": [[13.339603921632229, 0.393952435992345], [12.541490651655725, 0.393952435992345], [11.74337738167922, 0.393952435992345], [10.945264111702716, 0.393952435992345], [10.241046520546977, 0.393952435992345], [9.489881089980859, 0.393952435992345], [8.41008078354206, 0.393952435992345], [7.565019674155177, 0.393952435992345], [6.813854243589059, 0.393952435992345], [5.92184529479179, 0.393952435992345], [5.405419061277588, 0.393952435992345], [5.170679864225672, 1.1451178665584631], [4.935940667173757, 1.9432311365349673], [4.842044988352992, 2.3657616912284087], [3.903088200145344, 3.5864055158983543], [3.6214011636830428, 3.915040391771031], [2.4946530178338584, 4.760101501157914], [2.0251746237300416, 4.947892858799447], [1.2270613537535375, 5.229579895261741], [0.616739441418563, 5.417371252903271], [-0.22832166796831643, 5.276527734672124], [-2.2940266020251485, 4.9948406982098295], [-2.7635049961289724, 4.572310143516384], [-3.467722587284708, 4.102831749412561], [-4.124992339030065, 3.6333533553087403], [-4.406679375492359, 3.023031442973762], [-4.8292099301858045, 2.271866012407644], [-5.204792645468867, 1.5676484212519082], [-5.298688324289632, 1.4268049030207575], [-5.298688324289632, 0.7695351512754005], [-5.251740484879246, -0.21636947634262604], [-5.204792645468867, -0.9675349069087478], [-5.204792645468867, -1.2961697827814262], [-4.923105609006569, -1.906491695116399], [-4.641418572544275, -2.516813607451372], [-4.359731536081981, -3.0801876803759605], [-4.078044499619686, -3.6905095927109333], [-3.2799312296431786, -4.253883665635524], [-2.6226614778978217, -4.7233620597393475], [-2.3879222808459133, -4.864205577970495], [-1.5898090108694127, -5.005049096201644], [-0.416113025609846, -5.192840453843173], [0.616739441418563, -5.33368397207432], [1.2740091931639235, -5.098944775022408], [2.1660181419611853, -4.77030989914973], [3.058027090758454, -4.441675023277053], [3.8561403607349583, -3.643561753300551], [4.654253630711462, -2.8454484833240503], [4.888992827763371, -2.141230892168311], [5.123732024815286, -1.3431176221918086], [5.358471221867202, -0.5450043522153045], [6.015740973612555, -0.49805651280492214], [6.95469776182021, -0.49805651280492214], [8.128393747079759, -0.49805651280492214], [9.208194053518564, -0.49805651280492214], [9.959359484084683, -0.49805651280492214], [10.710524914650808, -0.49805651280492214], [11.74337738167922, -0.49805651280492214], [12.44759497283496, -0.49805651280492214], [13.339603921632229, -0.49805651280492214]],